Bytes,CDF,PDF,E(X)
1000,0,0,0
10000,0.683,0.683,6830
100000,0.9,0.217,21700
1000000,0.9683,0.0683,68300
10000000,0.99,0.0217,216999.999999999
100000000,0.99683,0.00683,683000.000000011
1000000000,0.999,0.00217,2169999.99999989
8000000000,1,0.001,8000000.00000001
